fold,case,DSC_LV,DSC_MYO,ASSD_LVEndo,ASSD_LVEpi,HD_LVEndo,HD_LVEpi,Jac_neg_pct
0,P001-1,0.8795833,0.8246412,2.466689109802246,2.604816198348999,8.0,8.0,0.6368001302083333
0,P001-2,0.8798445,0.82098794,2.6448912620544434,2.5895628929138184,8.0,8.0,0.2516004774305555
0,P001-3,0.85093874,0.79297197,2.378664493560791,3.0226166248321533,8.0,8.003905296325684,0.17632378472222224
0,P001-4,0.83730334,0.7850212,2.583270788192749,2.8300249576568604,8.0,8.381526947021484,0.4733615451388889
0,P002-1,0.90902126,0.8764083,1.0383549928665161,1.140384316444397,5.0,5.153882026672363,0.656467013888889
0,P002-2,0.823378,0.7850892,2.189337968826294,2.8062148094177246,7.603453159332275,8.381526947021484,0.5974663628472222
0,P002-3,0.885172,0.8403708,1.5410736799240112,1.8087000846862793,6.25,8.0,0.4733615451388889
0,P002-4,0.83698213,0.8444645,2.3550071716308594,2.1626062393188477,8.0,8.0,0.539822048611111
0,P003-1,0.87062716,0.85618204,1.9584585428237915,1.6847333908081055,8.0,8.0,0.509982638888889
0,P003-2,0.8972692,0.7906904,1.11758291721344,1.7790720462799072,6.25,8.0,0.592041015625
0,P003-3,0.8587715,0.8164196,1.5508910417556763,1.8483489751815796,7.288690090179443,8.0,0.38045247395833337
0,P003-4,0.7707379,0.7775158,2.6647257804870605,2.322892189025879,8.381526947021484,8.0,0.22108289930555555
0,P004-1,0.83491504,0.83602816,3.9434101581573486,3.5438122749328613,14.682046890258789,10.965856552124023,0.47607421875
0,P004-2,0.79990935,0.81253916,2.727163553237915,2.7588789463043213,8.192984580993652,8.381526947021484,1.6547309027777777
0,P004-3,0.81392014,0.83662736,2.8259401321411133,2.672090768814087,8.097067832946777,8.003905296325684,0.4570855034722222
0,P005-1,0.9235901,0.8521345,0.7448488473892212,1.35415518283844,3.535533905029297,6.7314558029174805,0.4530164930555556
0,P005-2,0.8514558,0.81693506,2.1133170127868652,2.2036824226379395,8.0,8.0,0.6598578559027778
0,P005-4,0.90493774,0.85236186,2.194283962249756,2.3734841346740723,8.0,8.0,0.2529568142361111
0,P006-1,0.87602484,0.7613036,1.464428186416626,3.4907853603363037,5.590169906616211,12.051970481872559,0.2556694878472222
0,P006-2,0.76802826,0.7071411,2.9017465114593506,3.7437753677368164,8.003905296325684,15.660459518432617,0.1919216579861111
0,P006-3,0.8592849,0.8083986,2.75500226020813,2.982311725616455,8.0,9.182184219360352,0.24549696180555555
0,P006-4,0.8742583,0.7852685,1.7128130197525024,2.8465516567230225,6.7314558029174805,8.381526947021484,0.4353841145833333
0,P007-1,0.9103899,0.75510323,1.4941314458847046,2.072613000869751,8.0,8.0,0.6998697916666667
0,P007-2,0.89700085,0.6732107,1.3401845693588257,2.5354552268981934,8.0,8.838834762573242,0.5818684895833333
0,P007-3,0.9301359,0.79420805,0.5443713068962097,1.5318669080734253,2.5,8.0,0.3553602430555555
0,P007-4,0.897157,0.76955575,1.5553228855133057,2.259551525115967,8.0,8.0,0.4475911458333333
0,P008-1,0.8089829,0.7843012,2.5199191570281982,3.1713199615478516,8.0,9.182184219360352,0.7697211371527778
0,P008-2,0.7989089,0.7884894,2.409353256225586,2.831768274307251,8.385254859924316,8.923284530639648,0.7459852430555556
0,P008-3,0.87020004,0.88053066,2.240037202835083,1.6839368343353271,8.0,8.0,0.9223090277777778
0,P008-4,0.8971428,0.81234473,1.4351693391799927,2.4952011108398438,7.905694007873535,8.381526947021484,0.766330295138889
0,P009-1,0.90244913,0.7717112,0.9418275952339172,2.1594078540802,4.506938934326172,8.746427536010742,0.4543728298611111
0,P009-2,0.85071355,0.65089923,1.6371098756790161,3.4508330821990967,7.288690090179443,14.682046890258789,0.6693522135416667
0,P009-3,0.8266521,0.7405264,3.535656452178955,3.6186134815216064,10.244462013244629,12.051970481872559,1.0572645399305556
0,P009-4,0.88536435,0.7967926,1.7308515310287476,2.3971188068389893,8.0,8.385254859924316,0.5472819010416667
0,P010-1,0.7827141,0.8189747,2.7151668071746826,2.1773505210876465,8.381526947021484,8.0,0.3655327690972222
0,P010-2,0.78387,0.81759423,3.5960371494293213,2.456498861312866,9.026817321777344,8.097067832946777,0.4442003038194444
0,P010-3,0.8261791,0.58435994,2.523818016052246,4.8283538818359375,8.097067832946777,21.96730613708496,0.545925564236111
0,P010-4,0.6898547,0.8162862,4.379217624664307,2.754960298538208,11.180339813232422,8.75,0.3512912326388889
0,P011-1,0.8518118,0.8342171,1.8668251037597656,2.242842435836792,8.0,8.0,0.3614637586805555
0,P012-1,0.6848184,0.6358508,5.271677017211914,5.1322197914123535,15.917744636535645,13.975424766540527,0.8158365885416666
0,P012-2,0.8865052,0.658805,1.9088869094848633,3.8180291652679443,8.0,12.434829711914062,0.4408094618055556
0,P012-3,0.77358973,0.6889065,4.156226634979248,4.294591426849365,14.252192497253418,11.589326858520508,0.6551106770833333
0,P012-4,0.9128581,0.7965741,0.8659117817878723,1.632420539855957,4.506938934326172,8.0,1.4987521701388888
0,P013-1,0.7983618,0.802423,2.1596896648406982,1.919075608253479,8.75,8.192984580993652,0.592041015625
0,P013-2,0.8420671,0.7434787,1.7970905303955078,2.4185376167297363,8.0,8.003905296325684,1.0986328125
0,P014-1,0.90731424,0.74773383,1.407020092010498,3.085522174835205,8.0,11.921619415283203,0.9718153211805556
0,P014-2,0.9117666,0.8403304,1.2920180559158325,1.8784186840057373,8.0,8.0,0.7005479600694444
0,P014-3,0.8233275,0.7582525,3.702275037765503,3.987172842025757,11.25,13.402424812316895,0.4916720920138889
0,P015-1,0.8781413,0.74349403,1.554368019104004,2.9012839794158936,8.0,9.433980941772461,1.215277777777778
0,P015-2,0.85746306,0.6999948,1.8674883842468262,2.828306198120117,8.0,8.835298538208008,1.355658637152778
0,P015-3,0.8265691,0.752115,2.7022340297698975,2.724625825881958,8.0,8.0,0.93994140625
0,P015-4,0.85492754,0.75773054,1.8547250032424927,2.24393892288208,8.0,8.0,1.2234157986111112
0,P016-1,0.73695797,0.6762145,2.826338768005371,3.047208547592163,9.762811660766602,9.433980941772461,0.4916720920138889
0,P016-2,0.81752205,0.6302394,2.1877050399780273,3.3046622276306152,8.0,12.116621017456055,0.23396809895833334
0,P016-3,0.892331,0.672231,1.0691018104553223,3.2030911445617676,5.0,13.285329818725586,0.262451171875
0,P016-4,0.8545582,0.69326365,2.1083076000213623,2.694399356842041,8.0,8.838834762573242,0.5818684895833333
0,P017-1,0.85507673,0.63384074,1.4103621244430542,3.4673383235931396,5.590169906616211,12.116621017456055,0.5113389756944444
0,P017-2,0.8572969,0.7847956,1.2619357109069824,1.930428147315979,5.153882026672363,8.0,0.3248426649305555
0,P017-3,0.82705617,0.63450336,1.6869431734085083,3.8873870372772217,6.7314558029174805,12.621905326843262,0.18853081597222224
0,P018-1,0.9019359,0.71064967,0.8024278283119202,2.0623536109924316,3.535533905029297,8.000585556030273,0.6544325086805556
0,P018-2,0.8323584,0.72560894,1.4233617782592773,1.7947834730148315,7.071067810058594,8.0,1.6004774305555556
0,P018-3,0.76231736,0.6231012,2.972277879714966,3.1116020679473877,10.965856552124023,10.60660171508789,0.3323025173611111
0,P019-1,0.83652854,0.8511719,1.7857179641723633,2.1526989936828613,7.288690090179443,8.0,0.8097330729166666
0,P019-3,0.8532858,0.7774628,1.6457345485687256,2.570639133453369,7.5,9.433980941772461,0.4184299045138889
0,P019-4,0.84929264,0.7761481,1.6941784620285034,2.8437983989715576,7.288690090179443,10.455262184143066,0.42724609375
0,P020-1,0.78512394,0.68299985,3.3763668537139893,4.11260986328125,12.621905326843262,12.867109298706055,1.404486762152778
0,P020-2,0.7758248,0.6813027,2.638026714324951,3.5305254459381104,8.097067832946777,10.822430610656738,0.4869249131944444
0,P020-3,0.69369835,0.5469097,3.8776745796203613,5.4908881187438965,11.524430274963379,20.155643463134766,0.516086154513889
0,P020-4,0.7572414,0.78554475,3.2664854526519775,2.768950939178467,8.838834762573242,8.0,0.958251953125
1,P001-1,0.9108209,0.83935696,1.102516770362854,1.655272364616394,5.0,8.0,1.117621527777778
1,P001-2,0.9119655,0.8744239,1.0300544500350952,1.163494348526001,5.0,5.590169906616211,0.5669487847222222
1,P001-3,0.8742705,0.78080446,1.5998605489730835,2.9426326751708984,5.590169906616211,8.0,0.5235460069444444
1,P001-4,0.86073077,0.7818906,1.8518970012664795,2.759808301925659,7.071067810058594,8.192984580993652,0.8056640625
1,P002-1,0.9182316,0.9037264,0.7324507236480713,0.8434773683547974,3.535533905029297,3.75,0.9636773003472222
1,P002-2,0.8379347,0.80690277,1.7785735130310059,2.3975040912628174,7.288690090179443,8.0,0.9921603732638888
1,P002-3,0.90336716,0.8585359,1.067717432975769,1.4265340566635132,4.506938934326172,7.905694007873535,0.7554796006944444
1,P002-4,0.82434946,0.833918,2.793508768081665,2.5405356884002686,8.0,8.0,0.9297688802083334
1,P003-1,0.90629023,0.8643802,0.9486116766929626,1.0285038948059082,4.506938934326172,5.0,0.7392035590277778
1,P003-2,0.8894044,0.79445726,1.496802568435669,1.8121565580368042,8.0,8.0,0.9304470486111112
1,P003-3,0.9058178,0.83285475,0.8633673787117004,1.2877254486083984,3.9528470039367676,6.7314558029174805,0.6856282552083333
1,P003-4,0.8274833,0.76776177,1.9160207509994507,2.225741386413574,7.288690090179443,8.0,0.7425944010416667
1,P004-1,0.84363353,0.85300964,3.5816171169281006,3.2204525470733643,10.965856552124023,8.835298538208008,0.4747178819444444
1,P004-2,0.7439951,0.75184596,4.148916244506836,3.7444584369659424,11.921619415283203,11.3164701461792,1.9816080729166667
1,P004-3,0.86085165,0.8511677,2.0168356895446777,2.1853866577148438,8.0,8.0,1.018608940972222
1,P005-1,0.92588264,0.85978,1.0992748737335205,1.510439395904541,6.25,8.0,0.8795844184027778
1,P005-2,0.91245157,0.83683604,0.9049239158630371,1.3272507190704346,3.75,6.373774528503418,0.9745279947916666
1,P005-4,0.88433325,0.8388833,2.8110392093658447,2.9442062377929688,8.0,8.0,0.567626953125
1,P006-1,0.89306456,0.78481084,1.3534457683563232,3.2496376037597656,6.25,10.151969909667969,0.9168836805555556
1,P006-2,0.85426325,0.7125761,1.4349309206008911,3.046046018600464,6.25,14.028987884521484,0.3451877170138889
1,P006-3,0.8897422,0.82526064,1.423274278640747,2.0321898460388184,6.25,8.746427536010742,0.555419921875
1,P006-4,0.9059913,0.7960369,1.2066736221313477,2.5581471920013428,5.303300857543945,8.0,0.772433810763889
1,P007-1,0.89482766,0.770178,1.7769566774368286,1.9706705808639526,8.0,8.0,1.024712456597222
1,P007-2,0.8864639,0.73058647,1.7707724571228027,2.5509510040283203,8.0,8.192984580993652,1.0545518663194444
1,P007-3,0.929514,0.8283477,0.5097155570983887,1.142713189125061,2.5,6.25,0.5262586805555556
1,P007-4,0.8977571,0.79653525,1.7906619310379028,1.9250823259353638,8.0,8.0,0.7439507378472222
1,P008-1,0.8879169,0.8108273,1.225030779838562,2.4980549812316895,6.25,8.0,1.6696506076388888
1,P008-2,0.888943,0.80300164,1.0820631980895996,2.246586799621582,5.153882026672363,8.0,1.111518012152778
1,P008-3,0.816974,0.84045005,2.3437633514404297,2.1192336082458496,7.905694007873535,8.0,1.434326171875
1,P008-4,0.91590446,0.8320327,1.0006870031356812,2.2290637493133545,5.153882026672363,8.0,0.8009168836805556
1,P009-1,0.9151318,0.7832262,0.8378129601478577,2.068697452545166,4.506938934326172,8.746427536010742,0.6361219618055556
1,P009-2,0.9062421,0.66066533,0.8448542952537537,2.8667895793914795,3.9528470039367676,13.804437637329102,1.0877821180555556
1,P009-3,0.82870066,0.75128096,2.655174732208252,2.5830705165863037,8.027195930480957,8.381526947021484,1.8290201822916667
1,P009-4,0.90800565,0.78581417,1.058545708656311,2.182748556137085,4.506938934326172,8.381526947021484,0.9596082899305556
1,P010-1,0.8186087,0.80722255,2.542928695678711,1.9857258796691895,8.0,8.0,0.6083170572916667
1,P010-2,0.809718,0.8157,3.26497745513916,2.1450448036193848,9.759610176086426,8.097067832946777,0.5852593315972222
1,P010-3,0.84443134,0.6387238,2.432661294937134,4.174935817718506,8.0,16.097360610961914,0.6096733940972222
1,P010-4,0.7695418,0.81443244,3.9013400077819824,2.4301350116729736,10.455262184143066,8.192984580993652,0.606960720486111
1,P011-1,0.8660507,0.8366333,2.0351409912109375,2.2854506969451904,8.0,8.0,1.026068793402778
1,P012-1,0.7967499,0.6553502,3.500958204269409,4.287884712219238,9.516432762145996,11.25,1.4797634548611112
1,P012-2,0.92301786,0.706973,0.6693832278251648,2.8597662448883057,2.7950849533081055,9.516432762145996,0.8293999565972222
1,P012-3,0.82834476,0.7172119,3.212249517440796,3.8336002826690674,8.474225997924805,9.182184219360352,0.8511013454861112
1,P012-4,0.8372973,0.7740082,1.4122965335845947,1.7715768814086914,7.288690090179443,8.0,1.8466525607638888
1,P013-1,0.8311835,0.8092822,1.7930805683135986,1.6976945400238037,7.905694007873535,8.0,0.9589301215277778
1,P013-2,0.8059844,0.7426982,2.3639822006225586,2.8895907402038574,8.868391990661621,8.835298538208008,1.2281629774305556
1,P014-1,0.87289786,0.76963556,2.732117176055908,3.1235673427581787,8.097067832946777,9.598176956176758,1.4322916666666665
1,P014-2,0.9008819,0.85303026,1.912216067314148,2.0193018913269043,8.0,8.0,1.275634765625
1,P014-3,0.88264036,0.7894953,2.1247193813323975,2.75657320022583,8.0,8.474225997924805,0.8755154079861112
1,P015-1,0.8756116,0.80833626,1.6309611797332764,1.929414987564087,8.0,8.0,1.6615125868055556
1,P015-2,0.8577225,0.7381517,1.460081934928894,2.3068392276763916,8.0,9.516432762145996,1.7903645833333333
1,P015-3,0.84527606,0.7805202,1.972688913345337,1.887189269065857,8.0,8.0,1.7578125
1,P015-4,0.81032866,0.7157286,2.499619245529175,2.322499990463257,9.182184219360352,8.003905296325684,2.181667751736111
1,P016-1,0.7511579,0.6681015,2.5435550212860107,2.878887891769409,8.746427536010742,8.746427536010742,0.9555392795138888
1,P016-2,0.84611934,0.6561441,1.683276891708374,2.9265382289886475,8.0,8.923284530639648,0.6659613715277778
1,P016-3,0.89811,0.6917978,0.9285668730735779,2.835862398147583,5.0,9.519716262817383,0.5391438802083333
1,P016-4,0.85446054,0.72395265,1.9025779962539673,2.5194427967071533,8.0,8.385254859924316,0.8551703559027778
1,P017-1,0.8687727,0.6738607,1.2111947536468506,3.1963937282562256,5.303300857543945,10.0,0.8890787760416666
1,P017-2,0.86809427,0.8122605,1.0780819654464722,1.4692637920379639,5.0,6.7314558029174805,0.6978352864583333
1,P017-3,0.83522356,0.69656336,1.5953186750411987,3.219858407974243,6.25,8.838834762573242,0.4442003038194444
1,P018-1,0.8787167,0.7455271,1.1139498949050903,1.8931233882904053,5.303300857543945,8.0,1.1027018229166665
1,P018-2,0.67169964,0.6004347,3.206615447998047,2.9103446006774902,11.25,9.759610176086426,2.2040473090277777
1,P018-3,0.7380554,0.7119612,3.0660908222198486,2.7306978702545166,10.077821731567383,10.0,0.81787109375
1,P019-1,0.8342639,0.882709,1.8556501865386963,1.7585691213607788,7.288690090179443,8.0,1.0206434461805556
1,P019-3,0.87062347,0.8119313,1.4518709182739258,2.3471648693084717,7.5,8.835298538208008,0.6368001302083333
1,P019-4,0.8425157,0.82353735,1.8008863925933838,2.5402638912200928,7.603453159332275,8.474225997924805,0.7439507378472222
1,P020-1,0.84205574,0.7307982,2.2350971698760986,2.84277606010437,8.0,8.835298538208008,1.8758138020833333
1,P020-2,0.82652426,0.67381495,1.759844422340393,3.1211464405059814,7.288690090179443,10.151969909667969,0.9080674913194444
1,P020-3,0.7693066,0.6141301,2.8295555114746094,4.286162376403809,8.0,16.04875373840332,1.184760199652778
1,P020-4,0.8292314,0.787531,1.8965833187103271,1.6972652673721313,7.905694007873535,7.603453159332275,1.4234754774305556
2,P001-1,0.91182524,0.8239218,1.7262927293777466,2.099543571472168,8.0,8.0,0.8599175347222222
2,P001-2,0.9051171,0.8530449,1.9312952756881714,1.7208162546157837,8.0,8.0,0.4218207465277778
2,P001-3,0.8670173,0.79959816,2.0392191410064697,2.729853868484497,7.603453159332275,8.0,0.6429036458333333
2,P001-4,0.86358863,0.81330806,2.103982448577881,2.4173550605773926,7.603453159332275,8.0,0.8836534288194444
2,P002-1,0.9298811,0.8856059,0.5929798483848572,0.9166754484176636,2.5,3.9528470039367676,0.9311252170138888
2,P002-2,0.8571673,0.80817217,1.6346668004989624,2.384742498397827,7.288690090179443,8.0,0.8633083767361112
2,P002-3,0.9140782,0.8620952,0.9760844111442566,1.2841176986694336,4.506938934326172,6.373774528503418,0.811767578125
2,P002-4,0.8525859,0.83028466,2.1721224784851074,2.293511390686035,8.0,8.0,0.9236653645833334
2,P003-1,0.88983005,0.8586359,1.2615493535995483,1.2986818552017212,5.590169906616211,6.25,0.4245334201388889
2,P003-2,0.9021493,0.78038573,1.2187604904174805,1.8530102968215942,8.0,8.0,0.680202907986111
2,P003-3,0.88682497,0.8085087,1.090828537940979,1.7777036428451538,5.0,8.0,0.4421657986111111
2,P003-4,0.82370067,0.78900284,2.2648184299468994,2.2892472743988037,8.746427536010742,8.0,0.5411783854166667
2,P004-1,0.85345465,0.8466786,3.8956074714660645,3.397287130355835,13.860916137695312,10.822430610656738,0.8565266927083334
2,P004-2,0.83802575,0.817056,1.9508864879608154,2.0987348556518555,8.474225997924805,8.385254859924316,3.0402289496527777
2,P004-3,0.85728216,0.8562482,1.7337372303009033,1.9310872554779053,8.0,8.0,1.1739095052083335
2,P005-1,0.93885684,0.85361487,0.5479981899261475,1.3292557001113892,2.5,7.905694007873535,0.7697211371527778
2,P005-2,0.91343755,0.8300226,1.11273992061615,1.5109244585037231,5.153882026672363,7.288690090179443,0.8897569444444444
2,P005-4,0.9065344,0.83726895,2.279435634613037,2.6795451641082764,8.0,8.0,0.3248426649305555
2,P006-1,0.8713904,0.76379806,1.959363579750061,3.677152633666992,8.0,10.455262184143066,0.7392035590277778
2,P006-2,0.8310007,0.67629755,1.9467836618423462,3.4912686347961426,8.0,16.0,0.3628200954861111
2,P006-3,0.87927526,0.7957004,2.09969162940979,2.7468369007110596,8.0,9.320672035217285,0.3309461805555555
2,P006-4,0.88948005,0.78853947,1.5120164155960083,2.6766130924224854,6.25,8.192984580993652,0.5805121527777778
2,P007-1,0.90438485,0.7864806,1.645032525062561,2.0774288177490234,8.0,8.0,1.2864854600694444
2,P007-2,0.88367754,0.729143,1.6063575744628906,2.508850574493408,8.0,8.474225997924805,0.8816189236111112
2,P007-3,0.93340695,0.81839466,0.5221748352050781,1.4144341945648193,2.5,8.0,0.6218804253472222
2,P007-4,0.89249074,0.80417603,1.7539557218551636,2.0333080291748047,8.0,8.0,0.7548014322916667
2,P008-1,0.89635813,0.7803553,1.4126770496368408,2.8310623168945312,6.25,9.516432762145996,1.403130425347222
2,P008-2,0.8805092,0.7688745,1.4183849096298218,2.597684860229492,6.7314558029174805,10.151969909667969,0.9379069010416666
2,P008-3,0.8798858,0.8503954,1.9873600006103516,1.9731559753417969,8.0,8.0,1.6615125868055556
2,P008-4,0.9038899,0.7862771,1.366201639175415,2.7336320877075195,8.0,8.835298538208008,0.8083767361111112
2,P009-1,0.9022461,0.76722854,1.123097538948059,2.2902915477752686,6.7314558029174805,9.433980941772461,0.5438910590277778
2,P009-2,0.89290553,0.6136419,1.1850744485855103,3.4550325870513916,6.25,16.856008529663086,0.8877224392361112
2,P009-3,0.83078843,0.6722936,3.5796148777008057,4.0302629470825195,12.434829711914062,14.028987884521484,1.4207628038194444
2,P009-4,0.8939763,0.7408071,1.4990952014923096,2.746204137802124,6.7314558029174805,10.965856552124023,0.7310655381944444
2,P010-1,0.84286565,0.78429675,2.5370936393737793,2.404541015625,8.0,8.0,0.7649739583333333
2,P010-2,0.8121576,0.78615797,3.4015250205993652,2.754049301147461,9.759610176086426,8.75,0.5750868055555556
2,P010-3,0.867731,0.5784045,2.384220600128174,4.746227741241455,8.0,19.032865524291992,0.8124457465277778
2,P010-4,0.810419,0.8005443,3.6790637969970703,2.744549036026001,11.247221946716309,8.835298538208008,0.8185492621527778
2,P011-1,0.87400264,0.82017237,1.6910395622253418,2.470735549926758,8.0,8.0,0.7819281684027778
2,P012-1,0.82503164,0.6100443,3.483135461807251,4.7052764892578125,12.403890609741211,14.028987884521484,1.001654730902778
2,P012-2,0.8963075,0.6210136,1.435265302658081,3.982004404067993,8.0,16.0,0.3974066840277778
2,P012-3,0.79380685,0.66890466,3.7602453231811523,4.188715934753418,11.858541488647461,12.051970481872559,0.555419921875
2,P012-4,0.91424286,0.6540284,0.7282543778419495,2.9727091789245605,3.535533905029297,10.151969909667969,1.806640625
2,P013-1,0.8742451,0.830099,1.276574730873108,1.397523283958435,5.153882026672363,7.071067810058594,1.0511610243055556
2,P013-2,0.86088395,0.7439598,1.5395146608352661,2.604935884475708,7.603453159332275,8.097067832946777,1.116265190972222
2,P014-1,0.9242429,0.71430725,1.077215552330017,3.258936643600464,6.25,16.0,1.116265190972222
2,P014-2,0.92871445,0.8289962,1.010120153427124,2.05358624458313,7.071067810058594,8.0,1.0145399305555556
2,P014-3,0.8629591,0.74379885,3.203476667404175,4.010683536529541,11.036870002746582,14.941353797912598,0.9697808159722222
2,P015-1,0.9129368,0.70160955,0.9389742016792297,2.916985511779785,4.852081775665283,11.792476654052734,1.9185384114583333
2,P015-2,0.87163,0.6561569,1.6447529792785645,3.0988895893096924,8.0,8.835298538208008,1.7076280381944444
2,P015-3,0.85340285,0.70981824,2.346200704574585,3.1254591941833496,8.0,8.746427536010742,1.245795355902778
2,P015-4,0.88032347,0.6834243,1.9171102046966553,3.336934804916382,8.0,9.759610176086426,1.502143012152778
2,P016-1,0.8026475,0.69167465,2.3302934169769287,2.8430354595184326,8.0,8.75,0.8029513888888888
2,P016-2,0.8438038,0.6597938,1.6718862056732178,2.9513635635375977,8.0,8.835298538208008,0.79345703125
2,P016-3,0.9136773,0.6694004,0.7614783644676208,3.1526503562927246,3.75,12.434829711914062,0.8327907986111112
2,P016-4,0.8790757,0.69222265,1.9040623903274536,2.7252705097198486,8.0,8.835298538208008,1.4668782552083335
2,P017-1,0.8593291,0.67827904,1.4369745254516602,3.208712100982666,5.590169906616211,10.0,0.8083767361111112
2,P017-2,0.89657444,0.81160074,0.8517558574676514,1.3334861993789673,3.75,6.25,0.8314344618055556
2,P017-3,0.88083637,0.6829441,1.0591782331466675,3.116968870162964,4.506938934326172,9.598176956176758,0.5533854166666667
2,P018-1,0.9065228,0.72333974,0.8879631161689758,2.179431915283203,3.75,8.381526947021484,0.9067111545138888
2,P018-2,0.82703567,0.6324224,1.5268645286560059,2.2430527210235596,7.905694007873535,9.013877868652344,1.4987521701388888
2,P018-3,0.7997556,0.6638443,2.811962842941284,3.1662678718566895,10.965856552124023,10.455262184143066,0.54931640625
2,P019-1,0.877398,0.87395465,1.2206205129623413,1.7695561647415161,5.153882026672363,8.0,0.9406195746527778
2,P019-3,0.891422,0.79848707,1.1394212245941162,2.358393907546997,5.590169906616211,10.151969909667969,0.6327311197916667
2,P019-4,0.8736399,0.7962557,1.442672848701477,2.6254191398620605,6.7314558029174805,10.0,0.8958604600694444
2,P020-1,0.83394504,0.63537985,2.776909828186035,4.189220428466797,8.923284530639648,14.840822219848633,1.9626193576388888
2,P020-2,0.85996586,0.57794315,1.6745021343231201,4.077857494354248,8.0,16.194135665893555,0.4923502604166667
2,P020-3,0.83284426,0.5762756,2.8556666374206543,4.59302282333374,8.0,16.76305389404297,1.061333550347222
2,P020-4,0.8584127,0.788602,1.7714794874191284,2.0851051807403564,8.0,8.0,1.3990614149305556
3,P001-1,0.8954516,0.82497346,1.6402453184127808,1.9036630392074585,7.905694007873535,8.0,1.226128472222222
3,P001-2,0.89263207,0.8428718,1.73216712474823,1.6934804916381836,8.0,8.0,0.7731119791666667
3,P001-3,0.8701005,0.791784,1.6380014419555664,2.6675093173980713,6.25,8.0,0.9738498263888888
3,P001-4,0.81789887,0.80830413,2.4247665405273438,2.496816873550415,8.381526947021484,8.003905296325684,1.1854383680555556
3,P002-1,0.90331584,0.87898046,0.9129356145858765,1.0680524110794067,3.75,5.0,0.8090549045138888
3,P002-2,0.7909492,0.79040974,2.468356132507324,2.605635643005371,8.746427536010742,8.0,1.117621527777778
3,P002-3,0.8601214,0.8528161,1.614272117614746,1.6168166399002075,6.25,8.0,0.7249620225694444
3,P002-4,0.85586,0.83103204,2.4006967544555664,2.2945075035095215,8.0,8.0,1.3197157118055556
3,P003-1,0.88154453,0.82866496,1.3701857328414917,1.5117518901824951,5.590169906616211,6.7314558029174805,0.667995876736111
3,P003-2,0.8679719,0.76285595,1.4619492292404175,2.045548677444458,8.0,8.0,0.8585611979166666
3,P003-3,0.85259795,0.7886085,1.5918281078338623,2.020982265472412,7.288690090179443,8.0,0.7676866319444444
3,P003-4,0.82470524,0.762795,2.3216776847839355,2.400641918182373,8.097067832946777,8.0,0.8355034722222222
3,P004-1,0.8301185,0.83265924,3.906249523162842,3.369414806365967,12.867109298706055,10.228636741638184,1.2776692708333335
3,P004-2,0.7499214,0.7879708,3.506753444671631,3.1657636165618896,10.784192085266113,9.762811660766602,2.738444010416667
3,P004-3,0.8676841,0.8630525,1.5909396409988403,1.853851079940796,8.0,8.0,1.2166341145833335
3,P005-1,0.9182031,0.85120726,1.1108779907226562,1.5579372644424438,5.590169906616211,8.0,1.3895670572916665
3,P005-2,0.84522396,0.7910627,2.232767343521118,2.2308807373046875,8.0,8.0,1.3509114583333335
3,P005-4,0.89739,0.85339296,2.437596321105957,2.521000623703003,8.0,8.0,0.408935546875
3,P006-1,0.888455,0.7735198,1.411773681640625,3.148017168045044,5.590169906616211,10.228636741638184,1.0728624131944444
3,P006-2,0.79829895,0.6714372,2.425391674041748,3.574958562850952,8.0,15.051993370056152,0.96435546875
3,P006-3,0.8723621,0.79212135,2.223064422607422,2.6117892265319824,8.0,10.0,0.8463541666666666
3,P006-4,0.8955316,0.7802842,1.4029264450073242,2.738832950592041,5.590169906616211,8.474225997924805,0.9419759114583334
3,P007-1,0.8898961,0.73363703,1.6772361993789673,2.268887758255005,8.0,8.0,1.7605251736111112
3,P007-2,0.8758424,0.7254761,1.9886915683746338,2.6569671630859375,8.0,8.003905296325684,1.300048828125
3,P007-3,0.93001145,0.78877115,0.5739741325378418,1.3763444423675537,2.7950849533081055,7.071067810058594,1.0654025607638888
3,P007-4,0.89761007,0.7455789,1.5613549947738647,2.2018446922302246,8.0,8.0,1.0938856336805556
3,P008-1,0.77637166,0.77863616,2.4784812927246094,2.9901342391967773,9.762811660766602,8.838834762573242,1.6981336805555556
3,P008-2,0.7845047,0.7646603,2.372795820236206,2.879533290863037,8.385254859924316,8.923284530639648,1.4207628038194444
3,P008-3,0.82814884,0.84714705,2.2883992195129395,1.9087704420089722,8.0,8.0,1.2430826822916665
3,P008-4,0.8500899,0.7895327,1.8728997707366943,2.8776538372039795,8.0,8.746427536010742,1.6153971354166667
3,P009-1,0.8922755,0.76149356,1.2492154836654663,2.3286635875701904,6.342830657958984,9.013877868652344,1.1210123697916665
3,P009-2,0.85767907,0.59180534,1.609754204750061,3.453423023223877,7.905694007873535,14.142135620117188,1.3671875
3,P009-3,0.80924016,0.67374825,3.4837279319763184,3.6182916164398193,9.516432762145996,10.822430610656738,1.5597873263888888
3,P009-4,0.8781844,0.74074733,1.7925862073898315,2.6205694675445557,7.5,9.759610176086426,1.1671278211805556
3,P010-1,0.7662062,0.75435203,3.3153607845306396,2.800173044204712,8.003905296325684,8.0,1.141357421875
3,P010-2,0.7621863,0.7658545,4.077851295471191,2.9575934410095215,11.619799613952637,9.512310028076172,0.9874131944444444
3,P010-3,0.79792684,0.57843643,3.289370536804199,4.948104381561279,8.0,18.06412124633789,1.1623806423611112
3,P010-4,0.6643562,0.7720699,4.653151512145996,3.1193432807922363,11.855905532836914,8.838834762573242,1.1250813802083335
3,P011-1,0.8640686,0.8200504,2.0784401893615723,2.459038734436035,8.0,8.0,1.262749565972222
3,P012-1,0.6817193,0.5901218,5.185867786407471,5.104035377502441,14.028987884521484,13.747727394104004,1.5842013888888888
3,P012-2,0.88747466,0.62889963,1.8302034139633179,3.599428176879883,8.0,10.965856552124023,0.7575141059027778
3,P012-3,0.80170786,0.6723223,3.6105077266693115,4.060530185699463,11.3164701461792,10.965856552124023,1.050482855902778
3,P012-4,0.8737011,0.71746355,1.047646403312683,2.3661816120147705,5.303300857543945,8.003905296325684,1.470947265625
3,P013-1,0.81584525,0.8093926,2.0222575664520264,1.8879855871200562,8.003905296325684,8.0,1.447211371527778
3,P013-2,0.77837664,0.73990047,2.537551164627075,3.0010523796081543,8.746427536010742,9.013877868652344,1.1867947048611112
3,P014-1,0.90709454,0.72651106,1.3455049991607666,3.14467453956604,8.0,14.028987884521484,1.9510904947916667
3,P014-2,0.9234931,0.8332893,1.1425820589065552,1.7535126209259033,8.0,8.0,1.4621310763888888
3,P014-3,0.8459105,0.779053,3.095867156982422,3.3016250133514404,10.077821731567383,11.319231033325195,1.1332194010416665
3,P015-1,0.85365206,0.73618484,2.2285315990448,2.711301565170288,8.0,8.474225997924805,2.345106336805556
3,P015-2,0.846958,0.7109412,1.6041849851608276,2.3995919227600098,8.0,8.385254859924316,1.4621310763888888
3,P015-3,0.82457924,0.73469794,2.0875604152679443,2.242161273956299,8.0,8.0,1.6025119357638888
3,P015-4,0.8266877,0.70396996,2.179443836212158,2.6298556327819824,8.0,8.381526947021484,2.157253689236111
3,P016-1,0.73092514,0.622915,2.7654190063476562,3.275770664215088,8.923284530639648,10.151969909667969,1.4811197916666665
3,P016-2,0.8373061,0.6333677,1.9875407218933105,3.1812407970428467,8.0,9.182184219360352,0.9819878472222222
3,P016-3,0.8803157,0.65846246,1.283791184425354,3.1801984310150146,6.25,11.3164701461792,1.111518012152778
3,P016-4,0.83891916,0.6292835,2.4256603717803955,3.507248640060425,8.0,10.151969909667969,1.5536838107638888
3,P017-1,0.8456125,0.6579143,1.6755480766296387,3.495441198348999,7.288690090179443,11.3164701461792,1.4438205295138888
3,P017-2,0.86086166,0.76905376,1.4033766984939575,1.9402244091033936,6.25,8.0,1.4940049913194444
3,P017-3,0.83336616,0.661961,1.7866456508636475,3.553058624267578,7.288690090179443,10.60660171508789,1.0091145833333335
3,P018-1,0.8593016,0.6911963,1.5357921123504639,2.5574095249176025,6.7314558029174805,8.75,1.5943739149305556
3,P018-2,0.69454,0.65559036,2.277972936630249,2.529775619506836,8.097067832946777,8.838834762573242,1.6608344184027777
3,P018-3,0.69148874,0.6263439,3.4648962020874023,3.6557886600494385,11.319231033325195,10.752906799316406,1.4126247829861112
3,P019-1,0.82872534,0.8561864,2.010450839996338,2.174743175506592,8.0,8.0,1.5530056423611112
3,P019-3,0.87164396,0.7982806,1.4114911556243896,2.398815155029297,7.5,9.182184219360352,1.3163248697916665
3,P019-4,0.841497,0.79105246,1.9141302108764648,2.8301610946655273,8.0,10.151969909667969,1.276312934027778
3,P020-1,0.78031385,0.6319783,3.1043710708618164,4.126603126525879,9.433980941772461,12.434829711914062,2.012125651041667
3,P020-2,0.76819587,0.57725245,2.6404895782470703,4.2348737716674805,8.838834762573242,16.94845199584961,0.8653428819444444
3,P020-3,0.72383213,0.555432,3.6838302612304688,5.061957836151123,9.519716262817383,17.581951141357422,1.3651529947916665
3,P020-4,0.7651809,0.7446986,2.923917055130005,2.6816914081573486,8.75,8.097067832946777,1.7537434895833333
4,P001-1,0.9033484,0.81624997,1.6713457107543945,2.175983428955078,8.0,8.0,1.2539333767361112
4,P001-2,0.9159011,0.81730926,1.3780800104141235,2.0355803966522217,7.5,8.0,0.592041015625
4,P001-3,0.88246834,0.7771861,1.6647183895111084,2.916719675064087,6.25,8.097067832946777,1.019287109375
4,P001-4,0.88238686,0.7773885,1.6734046936035156,2.756289482116699,6.25,8.192984580993652,1.220703125
4,P002-1,0.91487443,0.8742789,0.7774546146392822,1.0582572221755981,3.535533905029297,5.0,1.0084364149305556
4,P002-2,0.84420645,0.78944737,1.903982400894165,2.592921495437622,7.905694007873535,8.097067832946777,1.1922200520833335
4,P002-3,0.91175497,0.860195,1.0108203887939453,1.3199994564056396,4.506938934326172,6.25,1.1372884114583335
4,P002-4,0.8671469,0.82520616,1.9593873023986816,2.3366503715515137,8.0,8.003905296325684,1.8466525607638888
4,P003-1,0.8858767,0.85911727,1.2527647018432617,1.25809645652771,5.590169906616211,6.25,0.7331000434027778
4,P003-2,0.8986959,0.7803332,1.2248616218566895,1.7644519805908203,8.0,8.0,1.209174262152778
4,P003-3,0.8822478,0.8079287,1.085490345954895,1.6578656435012817,4.506938934326172,7.905694007873535,0.68359375
4,P003-4,0.8463043,0.7642945,2.041048288345337,2.3207054138183594,8.0,8.0,0.9996202256944444
4,P004-1,0.85857636,0.84383404,3.5307741165161133,3.3166112899780273,11.589326858520508,9.598176956176758,0.836181640625
4,P004-2,0.81321955,0.8227498,2.476471185684204,2.4451143741607666,8.097067832946777,8.097067832946777,3.2090928819444446
4,P004-3,0.8674003,0.86208296,1.8935426473617554,2.1430110931396484,8.0,8.0,1.5977647569444444
4,P005-1,0.9360718,0.86531323,0.7251110076904297,1.2511067390441895,3.535533905029297,7.5,0.9616427951388888
4,P005-2,0.91458744,0.81989723,1.0804764032363892,1.6227284669876099,5.303300857543945,7.905694007873535,1.0911729600694444
4,P005-4,0.89368874,0.853653,2.39542818069458,2.378049612045288,8.0,8.0,0.47607421875
4,P006-1,0.88835263,0.749198,1.5329009294509888,3.625018835067749,6.25,13.462911605834961,1.080322265625
4,P006-2,0.842221,0.6525658,1.6661477088928223,3.3989248275756836,7.5,16.007810592651367,0.616455078125
4,P006-3,0.88739675,0.792097,2.0273494720458984,2.6368424892425537,8.0,10.0,0.6022135416666667
4,P006-4,0.8869668,0.7872517,1.6705166101455688,2.7456185817718506,6.25,8.097067832946777,1.183403862847222
4,P007-1,0.9099578,0.7771371,1.4065282344818115,1.8950598239898682,8.0,8.0,1.593017578125
4,P007-2,0.89941174,0.74228525,1.214748501777649,2.2952675819396973,8.0,8.097067832946777,1.3637966579861112
4,P007-3,0.9311952,0.81514174,0.5622481107711792,1.4154744148254395,2.7950849533081055,8.0,0.9623209635416666
4,P007-4,0.89651394,0.78276527,1.5241211652755737,1.977624535560608,8.0,8.0,1.128472222222222
4,P008-1,0.90202755,0.77907264,1.182965874671936,2.651528835296631,5.303300857543945,8.923284530639648,1.319037543402778
4,P008-2,0.8900012,0.7589773,1.2164002656936646,2.567065477371216,5.590169906616211,9.100137710571289,1.135932074652778
4,P008-3,0.9069928,0.8665485,1.6308448314666748,1.6361064910888672,8.0,8.0,1.9917805989583333
4,P008-4,0.90533507,0.79308003,1.1364812850952148,2.602050304412842,5.153882026672363,8.381526947021484,1.0884602864583335
4,P009-1,0.8987243,0.7533042,1.1809355020523071,2.556906223297119,6.25,10.455262184143066,1.1806911892361112
4,P009-2,0.89040864,0.60731083,1.1564997434616089,3.303096055984497,5.561482906341553,16.622650146484375,1.435004340277778
4,P009-3,0.8574289,0.73027885,3.0966556072235107,3.10805082321167,9.759610176086426,9.759610176086426,1.9476996527777777
4,P009-4,0.9015574,0.7422061,1.332058310508728,2.6357436180114746,5.590169906616211,10.307764053344727,1.270209418402778
4,P010-1,0.85344017,0.7800574,2.132782220840454,2.4234180450439453,8.0,8.0,1.380072699652778
4,P010-2,0.82382303,0.7779823,3.4004228115081787,2.8217267990112305,9.182184219360352,8.381526947021484,1.074896918402778
4,P010-3,0.87813455,0.5954525,2.08476185798645,4.441347122192383,8.0,17.714754104614258,1.275634765625
4,P010-4,0.81446964,0.7895069,3.635160207748413,2.9322447776794434,10.151969909667969,8.474225997924805,1.4139811197916665
4,P011-1,0.88504946,0.819627,1.4455645084381104,2.2508795261383057,8.0,8.0,1.116265190972222
4,P012-1,0.85811186,0.6443473,2.977501630783081,4.202248573303223,8.835298538208008,12.051970481872559,1.1881510416666665
4,P012-2,0.8903255,0.69723284,1.5738892555236816,3.180671215057373,8.0,8.923284530639648,0.6340874565972222
4,P012-3,0.8299612,0.701831,3.3311474323272705,3.803279399871826,8.923284530639648,9.598176956176758,0.8199055989583334
4,P012-4,0.93339354,0.748914,0.5734387636184692,2.0858607292175293,2.7950849533081055,8.0,1.8235948350694444
4,P013-1,0.8401273,0.79690677,1.8934428691864014,2.0282046794891357,7.5,8.0,1.4980740017361112
4,P013-2,0.86688507,0.75779176,1.1763896942138672,2.382749319076538,5.303300857543945,8.0,1.6065809461805556
4,P014-1,0.92290926,0.77249444,0.971330463886261,2.5557634830474854,5.0,9.516432762145996,1.6391330295138888
4,P014-2,0.92526555,0.87366635,0.9709208011627197,1.293744683265686,5.153882026672363,8.0,1.324462890625
4,P014-3,0.8610341,0.80835485,2.9142069816589355,3.0589542388916016,9.433980941772461,9.562870025634766,1.2607150607638888
4,P015-1,0.8865906,0.7607033,1.6205024719238281,2.3498997688293457,8.0,8.097067832946777,2.211507161458333
4,P015-2,0.8745883,0.6999289,1.432030439376831,2.537745237350464,8.0,8.835298538208008,1.8839518229166667
4,P015-3,0.8531539,0.7800752,1.6624867916107178,1.9207342863082886,7.905694007873535,8.0,1.5760633680555556
4,P015-4,0.88158107,0.72380173,1.4850512742996216,2.5365149974823,8.0,8.192984580993652,2.043321397569444
4,P016-1,0.80938584,0.67920554,2.0718283653259277,2.724409580230713,8.0,9.182184219360352,1.3258192274305556
4,P016-2,0.83918375,0.6538503,1.897298812866211,3.0805325508117676,8.0,8.835298538208008,1.7049153645833333
4,P016-3,0.9136773,0.6730105,0.8413506746292114,3.1033589839935303,3.9528470039367676,12.621905326843262,1.111518012152778
4,P016-4,0.876081,0.67361075,1.733599305152893,2.952936887741089,8.0,9.182184219360352,2.236599392361111
4,P017-1,0.86899626,0.6491958,1.484281063079834,3.6475608348846436,6.7314558029174805,12.116621017456055,1.342095269097222
4,P017-2,0.89296865,0.7671618,1.01200270652771,1.8208303451538086,5.0,8.0,1.3427734375
4,P017-3,0.877188,0.69102484,1.2239419221878052,3.083390712738037,5.0,9.433980941772461,0.9724934895833334
4,P018-1,0.91004467,0.6985175,0.8717523813247681,2.3759310245513916,3.9528470039367676,8.746427536010742,1.46484375
4,P018-2,0.8137824,0.6876543,1.645064353942871,2.0880112648010254,8.0,8.003905296325684,2.069091796875
4,P018-3,0.7907959,0.64158744,2.902022361755371,3.227290630340576,10.677078247070312,9.762811660766602,1.3705783420138888
4,P019-1,0.8547522,0.85293925,1.7010295391082764,2.243507146835327,7.071067810058594,8.0,2.3064507378472223
4,P019-3,0.8833231,0.78572655,1.3286575078964233,2.5688560009002686,6.7314558029174805,10.151969909667969,1.4139811197916665
4,P019-4,0.8709865,0.7834575,1.630924940109253,2.906240224838257,7.905694007873535,11.855905532836914,1.8425835503472223
4,P020-1,0.8543568,0.6991413,2.674109935760498,3.3451290130615234,10.151969909667969,10.965856552124023,2.131483289930556
4,P020-2,0.8597285,0.5819588,1.608521580696106,3.736708164215088,7.905694007873535,16.622650146484375,1.085747612847222
4,P020-3,0.846538,0.5618664,2.4152655601501465,4.46095609664917,8.0,18.743331909179688,2.339680989583333
4,P020-4,0.8703465,0.7865104,1.6941252946853638,2.0513439178466797,8.0,8.0,1.9571940104166667
MEAN,-,0.8568,0.7584,1.9467,2.6339,7.5137,9.4124,1.0475
STD,-,0.0508,0.0768,0.8635,0.8210,2.1095,2.6313,0.5058
